id,first_name
1,Briney
2,Sherlocke
3,Evonne
4,Hamlin
5,Sly
6,Flint
7,Artie
8,Elfreda
9,Haily
10,Charissa
11,Barron
12,Eugenio
13,Ignatius
14,Wallis
15,Saudra
16,Kippar
17,Adella
18,Hollie
19,Penrod
20,Homere
21,Othilia
22,Riki
23,Coleman
24,Barbi
25,Tam
26,Fergus
27,Isabella
28,Matteo
29,Rollin
30,Frederich
31,Carolus
32,Bertram
33,Julius
34,Merralee
35,Elonore
36,Harrison
37,Jae
38,Kacy
39,Silva
40,Gina
41,Lemar
42,Xerxes
43,Gaspard
44,Ettore
45,Ellery
46,Liane
47,Nadia
48,Ameline
49,Karrah
50,Conrade
51,Kathy
52,Gaby
53,Emera
54,Ruben
55,Phil
56,Graeme
57,Blanch
58,Lizbeth
59,Cassi
60,Wileen
61,Ealasaid
62,Darice
63,Miof mela
64,Tucky
65,Kean
66,Geno
67,Catie
68,Garland
69,Lilah
70,Brennen
71,Winfred
72,Anatol
73,Athene
74,Dudley
75,Sue
76,Iris
77,Leona
78,Dun
79,Daisie
80,Aleda
81,Rebecca
82,Davy
83,Lurlene
84,Geno
85,Keary
86,Raffaello
87,Berti
88,Anthiathia
89,Keenan
90,Lavena
91,Juline
92,Babs
93,Georgie
94,Cathlene
95,Rozelle
96,Adara
97,Prue
98,Norby
99,Maribel
100,Consolata
101,Sullivan
102,Bat
103,Liana
104,Shelby
105,Abbe
106,Lesley
107,Giralda
108,Haleigh
109,Daisie
110,Lanny
111,Nelie
112,Bambie
113,Lauritz
114,Zenia
115,Reagan
116,Zonnya
117,Meggy
118,Regan
119,Tressa
120,Salmon
121,Winifred
122,Blake
123,Dion
124,Liliane
125,Ryan
126,Anne-corinne
127,Northrup
128,Trista
129,Pepe
130,Carling
131,Odell
132,Diahann
133,Leigh
134,Perrine
135,Ysabel
136,Adams
137,Tomaso
138,Peria
139,Sammy
140,Cathyleen
141,Sawyere
142,Libby
143,Laurie
144,Arman
145,Enrica
146,Christiana
147,Hiram
148,Ronny
149,Shepard
150,Rockwell
151,Liuka
152,Peter
153,Rani
154,Katharyn
155,Lazare
156,Felecia
157,Myrtie
158,Brook
159,Chance
160,Jed
161,Brewer
162,Marion
163,Layla
164,Caroline
165,Efren
166,Tobe
167,Edin
168,Cyndi
169,Patricia
170,Smitty
171,Anatollo
172,Bessy
173,Shepard
174,Gram
175,Courtnay
176,Meir
177,Gertie
178,Camile
179,Chadd
180,Darrick
181,Oralia
182,Berk
183,Raymund
184,Tomaso
185,Buddie
186,Gino
187,Grover
188,Gizela
189,Vivi
190,Vladimir
191,Gaultiero
192,Mattie
193,Lorne
194,Asher
195,Koo
196,Emmi
197,Esther
198,Trever
199,Jocelyne
200,Hernando
201,Sanders
202,Weider
203,Eloise
204,Rafaello
205,Samuel
206,Ancell
207,Mireille
208,Manon
209,Wallas
210,Toma
211,Trenna
212,Trixy
213,Hailee
214,Andrej
215,Elliott
216,Jodee
217,Domenic
218,Cornie
219,Kerrill
220,Todd
221,Dyna
222,Abbi
223,Jana
224,Angeli
225,Burnard
226,Nobe
227,Saba
228,Florina
229,Daniele
230,Melicent
231,Anthe
232,Sena
233,Adams
234,Rozamond
235,Natala
236,Norman
237,Silvano
238,Babbette
239,Antonetta
240,Urson
241,Pandora
242,Rockey
243,Celia
244,Wain
245,Isa
246,Kinsley
247,Minette
248,Emyle
249,Isador
250,Donnell
251,Nessi
252,Amalie
253,Deeann
254,Tomkin
255,Rex
256,Ezri
257,Shauna
258,Dru
259,Demetri
260,Chastity
261,Bartlet
262,Lane
263,Quincey
264,Linette
265,Phil
266,Kathryn
267,Far
268,Sayre
269,Silas
270,Karlik
271,Eldon
272,Enos
273,Livvie
274,Silvia
275,Germain
276,Ellette
277,Bennie
278,Vaclav
279,Morlee
280,Augustine
281,Lucais
282,Gretchen
283,Finn
284,Constance
285,Katy
286,Carce
287,Winnie
288,Cicely
289,Sherm
290,Romola
291,Gordon
292,Fionna
293,Adriena
294,Alica
295,Haley
296,Renie
297,Filia
298,Titus
299,Estella
300,Mose
301,Mechelle
302,Lesley
303,Farah
304,Derry
305,Zora
306,Rosemarie
307,Lori
308,Calley
309,Marti
310,Bevvy
311,Brear
312,Dorolice
313,Marlane
314,Morten
315,Ade
316,Lawrence
317,Luther
318,Lyda
319,Courtney
320,Malissa
321,Cirilo
322,Roselle
323,Hayward
324,Liza
325,Charlean
326,Ingemar
327,Carolan
328,Anselm
329,Barty
330,Boothe
331,Aimee
332,Francklyn
333,Shelbi
334,Clovis
335,Derwin
336,Renell
337,Rowena
338,Bertrand
339,Anjela
340,Arlyn
341,Barbette
342,Tonnie
343,Porty
344,Tybie
345,Yorgo
346,Fayette
347,Theodoric
348,Tam
349,Sonny
350,Bent
351,Jarret
352,Kaitlin
353,Seymour
354,Gran
355,Manny
356,Tiffie
357,Benedicta
358,Aldo
359,Lucias
360,Florida
361,Isaac
362,Conrad
363,Colly
364,Boyd
365,Bryan
366,Rosalinde
367,Nonah
368,Skip
369,Willy
370,Brigham
371,Dick
372,Rod
373,Jacquelyn
374,Nicholas
375,Demetra
376,Jordana
377,Janelle
378,Paula
379,Pebrook
380,Carma
381,Ingaborg
382,Nara
383,Merissa
384,Delcina
385,Felipa
386,Taffy
387,Enriqueta
388,Mile
389,Helli
390,Kori
391,Robby
392,Elane
393,Haven
394,Josh
395,Olivia
396,Emmie
397,Miranda
398,Sandie
399,Borden
400,Jerry
401,Weber
402,Mill
403,Angela
404,Storm
405,Candice
406,Niels
407,Agathe
408,Knox
409,Kathye
410,Livvy
411,Bail
412,Peggy
413,Karleen
414,Brucie
415,Ringo
416,Cordie
417,Virgil
418,Aluin
419,Willetta
420,Lee
421,Catlin
422,Mac
423,Windy
424,Wait
425,Allene
426,Neale
427,Chrissy
428,Alyss
429,Fanya
430,Tabitha
431,Evanne
432,Stacia
433,Micheline
434,Emory
435,Ambrosi
436,Sheena
437,Rosamund
438,Dewey
439,Tarrance
440,Shem
441,Eziechiele
442,Anthony
443,Jae
444,Carine
445,Cobby
446,Leticia
447,Zenia
448,Evelina
449,Hayes
450,Joaquin
451,Becky
452,Massimiliano
453,Rozalin
454,Tedie
455,Vite
456,Pepe
457,Merrie
458,Emogene
459,Kassandra
460,Eddi
461,Kikelia
462,Tannie
463,Parry
464,Valentijn
465,Carma
466,Amil
467,Merilyn
468,Milton
469,Brade
470,Minette
471,Massimiliano
472,Dominik
473,Viole
474,Shirlee
475,Adela
476,Gloriana
477,Andonis
478,Iorgos
479,Harvey
480,Mariette
481,Hansiain
482,Odo
483,Demetris
484,Mirella
485,Sherill
486,Forster
487,Chandler
488,Lu
489,Arabelle
490,Terry
491,Ingaberg
492,Juline
493,Eadie
494,Ulberto
495,Launce
496,Hollyanne
497,Kyle
498,Laney
499,Gerome
500,Batholomew
501,Erinn
502,Inglis
503,Rodi
504,Ania
505,Farley
506,Robbi
507,Pierette
508,Bryana
509,Whitaker
510,Mavra
511,Jacklyn
512,Delly
513,Annie
514,Mag
515,Diannne
516,Braden
517,Kerry
518,Griselda
519,Haslett
520,Urban
521,Agatha
522,Tan
523,Crissy
524,Anne-corinne
525,Janis
526,Darrin
527,Eilis
528,Crin
529,Deni
530,Berry
531,Ardys
532,Augy
533,Ignaz
534,Lydie
535,Shandy
536,Pall
537,Selena
538,Daune
539,Rustie
540,Decca
541,Jeannette
542,Leona
543,Eada
544,Loria
545,Margaret
546,Shurlock
547,Karlan
548,Wynn
549,Amandi
550,Parsifal
551,Kerwinn
552,Herculie
553,Alford
554,Euphemia
555,Jeane
556,Cherin
557,Falkner
558,Jenda
559,Margit
560,Rurik
561,Bird
562,Baron
563,Britte
564,Thorvald
565,Brock
566,Sarine
567,Glynda
568,Nelia
569,Fee
570,Faye
571,Rod
572,Eldridge
573,Maia
574,Madelle
575,Sonnie
576,Addy
577,Bessy
578,Kay
579,Reagen
580,Sal
581,Kellyann
582,Lester
583,Rebecca
584,Tommi
585,Ellary
586,Hanna
587,Jonah
588,Rafferty
589,Jarib
590,Chadwick
591,Bridget
592,Corinne
593,Nikoletta
594,Carlotta
595,Michael
596,Saunderson
597,Hirsch
598,Hilly
599,Mike
600,Waldemar
601,Dona
602,Josee
603,Giacomo
604,Rhianna
605,Bat
606,Alfie
607,Everard
608,Rhonda
609,Caresse
610,Michale
611,Read
612,Candy
613,Janenna
614,Nicola
615,Audi
616,Edouard
617,Gilburt
618,Rusty
619,Monroe
620,Obadiah
621,Hendrik
622,Benedikt
623,Lethia
624,Coleen
625,Malynda
626,Vannie
627,Felic
628,Zebulen
629,Rees
630,Gae
631,Letty
632,Orin
633,Barton
634,Rudie
635,Gregory
636,Dayle
637,Dorene
638,Emelita
639,Donaugh
640,Maryjane
641,Viviene
642,Marrilee
643,Domenico
644,Wainwright
645,Yettie
646,Nigel
647,Auberon
648,Pattie
649,Rocky
650,Myrtia
651,Sebastien
652,Othilia
653,Roda
654,Erastus
655,Moira
656,Lea
657,Seumas
658,Aile
659,Marcello
660,Tabbie
661,Glory
662,Martyn
663,Neale
664,Tobie
665,Ave
666,Carlos
667,Hyacinthe
668,Valina
669,Althea
670,Rozina
671,Elysee
672,Iolanthe
673,Saxe
674,Say
675,Carleen
676,Kevina
677,Ford
678,Clevey
679,Phedra
680,Demetria
681,Emmye
682,Lind
683,Sampson
684,Yolanda
685,Nappy
686,Prinz
687,Fredrick
688,Johann
689,Jania
690,Liliane
691,Sigvard
692,Frank
693,Kenny
694,Mandi
695,Candida
696,Town
697,Tremaine
698,Cilka
699,Andrea
700,Casar
701,Garold
702,Muriel
703,Kingston
704,Gilbertine
705,Alidia
706,Luz
707,Lyndsay
708,Devonna
709,Tatum
710,Rachelle
711,Willi
712,Amerigo
713,Adham
714,Gerry
715,Rodrique
716,Almire
717,Alysa
718,Murray
719,Gaylord
720,Rachele
721,Fern
722,Chane
723,Glenda
724,Ernestine
725,Artemus
726,Rickey
727,Xenia
728,Lianne
729,Alonzo
730,Darleen
731,Cicely
732,Herc
733,Stanly
734,Edna
735,Quentin
736,Itch
737,Chad
738,Ringo
739,Donni
740,Maurita
741,Rosalyn
742,Leonore
743,Orbadiah
744,Nicholas
745,Ezmeralda
746,Nessi
747,Danie
748,Silvio
749,Taddeusz
750,Debora
751,Lina
752,Lek
753,Katheryn
754,Rhea
755,Pegeen
756,Kaile
757,Waverley
758,Yorgos
759,Flory
760,Nathanil
761,Brennan
762,Brunhilda
763,Joey
764,Dolorita
765,Thibaut
766,Kaycee
767,Lorilyn
768,Ellery
769,Melisa
770,Granny
771,Caro
772,Fletch
773,Erskine
774,Harmon
775,Foss
776,Sonnie
777,Eimile
778,Teodorico
779,Ashley
780,Nydia
781,Andy
782,Damita
783,Dorine
784,Norean
785,Katharyn
786,Lin
787,Wynnie
788,Mimi
789,Bonnee
790,Genevieve
791,Solly
792,Ivy
793,Sherlocke
794,Claudius
795,Findlay
796,Jehu
797,Chester
798,Kelila
799,Fredric
800,Armstrong
801,Oswell
802,Sofie
803,Auguste
804,Tracee
805,Orelie
806,Domingo
807,Car
808,Abbott
809,Billy
810,Teresina
811,Pacorro
812,Jarad
813,Roldan
814,Rakel
815,Hendrik
816,Alisha
817,Sibyl
818,Iver
819,Abra
820,Rickert
821,Dara
822,Pepillo
823,Egon
824,Gabriele
825,Orelia
826,Sandie
827,Robbert
828,Alexia
829,Babbette
830,Granger
831,Juliane
832,Lillis
833,Angus
834,Lettie
835,Suzie
836,Goober
837,Deva
838,Raychel
839,Shandie
840,Mellie
841,Melisandra
842,Etan
843,Gilli
844,Mariam
845,Morty
846,Garfield
847,Artemis
848,Celene
849,Elaine
850,Doralynne
851,Audre
852,Adelina
853,Maddie
854,Roberta
855,Kelsi
856,Tatiania
857,Renault
858,Bucky
859,Stillman
860,Ive
861,Rahel
862,Malena
863,Andros
864,Sheba
865,Jackie
866,Evaleen
867,Paulo
868,Byrle
869,Kala
870,Lissa
871,Lelah
872,Ferrell
873,Julio
874,Mireielle
875,Lorianna
876,Darsey
877,Graehme
878,Whitman
879,Giustino
880,Dill
881,Stephine
882,Matteo
883,Jacinda
884,Lucretia
885,Dun
886,Aundrea
887,Evita
888,Ingamar
889,Dan
890,Brit
891,Tallia
892,Albina
893,Mattheus
894,Rockie
895,Ki
896,Storm
897,Kitty
898,Keely
899,Silas
900,Randie
901,Dag
902,Franciska
903,Evaleen
904,Desmund
905,Danna
906,Leann
907,Isidora
908,Lambert
909,Claribel
910,Inesita
911,Dee dee
912,Jaynell
913,Rab
914,Claudell
915,Hatti
916,Emyle
917,Uriel
918,Jaime
919,Frazier
920,Cahra
921,Saul
922,Zelma
923,Lucas
924,Milty
925,Betty
926,Sloane
927,Lief
928,Brittaney
929,Ruperta
930,Ola
931,Artemis
932,Lin
933,Laurice
934,Odo
935,Barbey
936,Aubert
937,Con
938,Esmeralda
939,Chick
940,Monah
941,Gunilla
942,Edwina
943,Gav
944,Carolyne
945,See
946,Aaren
947,Jarid
948,Rod
949,Hermann
950,Fairleigh
951,Genevra
952,Edward
953,Erich
954,Sunny
955,Rebekkah
956,Romola
957,Viva
958,Esra
959,Vinny
960,Jennee
961,Janeen
962,Zedekiah
963,Jonah
964,Augustin
965,Lane
966,Nevin
967,Frannie
968,Genni
969,Danna
970,Karin
971,Carter
972,Rowan
973,Fan
974,Barth
975,Micheil
976,Duffie
977,Garek
978,Orel
979,Curtis
980,Eden
981,Paulita
982,Sharai
983,Korry
984,Kimmi
985,Nicolai
986,Helge
987,Worthy
988,Floyd
989,Joyann
990,Kath
991,Jamie
992,Rogerio
993,Trey
994,Kristen
995,Pauly
996,Malcolm
997,Gayler
998,Wilbert
999,Lita
1000,Freddie
